category_id,category_name,parent_category_id,full_path
1,Computers&Accessories,,Computers&Accessories
2,Accessories&Peripherals,1,Computers&Accessories|Accessories&Peripherals
3,Cables&Accessories,2,Computers&Accessories|Accessories&Peripherals|Cables&Accessories
4,Cables,3,Computers&Accessories|Accessories&Peripherals|Cables&Accessories|Cables
5,USBCables,4,Computers&Accessories|Accessories&Peripherals|Cables&Accessories|Cables|USBCables
6,NetworkingDevices,1,Computers&Accessories|NetworkingDevices
7,NetworkAdapters,6,Computers&Accessories|NetworkingDevices|NetworkAdapters
8,WirelessUSBAdapters,7,Computers&Accessories|NetworkingDevices|NetworkAdapters|WirelessUSBAdapters
9,Electronics,,Electronics
10,"HomeTheater,TV&Video",9,"Electronics|HomeTheater,TV&Video"
11,Accessories,10,"Electronics|HomeTheater,TV&Video|Accessories"
12,Cables,11,"Electronics|HomeTheater,TV&Video|Accessories|Cables"
13,HDMICables,12,"Electronics|HomeTheater,TV&Video|Accessories|Cables|HDMICables"
14,Televisions,10,"Electronics|HomeTheater,TV&Video|Televisions"
15,SmartTelevisions,14,"Electronics|HomeTheater,TV&Video|Televisions|SmartTelevisions"
16,RemoteControls,11,"Electronics|HomeTheater,TV&Video|Accessories|RemoteControls"
17,StandardTelevisions,14,"Electronics|HomeTheater,TV&Video|Televisions|StandardTelevisions"
18,"TVMounts,Stands&Turntables",11,"Electronics|HomeTheater,TV&Video|Accessories|TVMounts,Stands&Turntables"
19,TVWall&CeilingMounts,18,"Electronics|HomeTheater,TV&Video|Accessories|TVMounts,Stands&Turntables|TVWall&CeilingMounts"
20,RCACables,12,"Electronics|HomeTheater,TV&Video|Accessories|Cables|RCACables"
21,HomeAudio,9,Electronics|HomeAudio
22,Accessories,21,Electronics|HomeAudio|Accessories
23,SpeakerAccessories,22,Electronics|HomeAudio|Accessories|SpeakerAccessories
24,Mounts,23,Electronics|HomeAudio|Accessories|SpeakerAccessories|Mounts
25,OpticalCables,12,"Electronics|HomeTheater,TV&Video|Accessories|Cables|OpticalCables"
26,Projectors,10,"Electronics|HomeTheater,TV&Video|Projectors"
27,Adapters,22,Electronics|HomeAudio|Accessories|Adapters
28,SatelliteEquipment,10,"Electronics|HomeTheater,TV&Video|SatelliteEquipment"
29,SatelliteReceivers,28,"Electronics|HomeTheater,TV&Video|SatelliteEquipment|SatelliteReceivers"
30,DVICables,4,Computers&Accessories|Accessories&Peripherals|Cables&Accessories|Cables|DVICables
31,SpeakerCables,12,"Electronics|HomeTheater,TV&Video|Accessories|Cables|SpeakerCables"
32,MediaStreamingDevices,21,Electronics|HomeAudio|MediaStreamingDevices
33,StreamingClients,32,Electronics|HomeAudio|MediaStreamingDevices|StreamingClients
34,AVReceivers&Amplifiers,10,"Electronics|HomeTheater,TV&Video|AVReceivers&Amplifiers"
35,Speakers,21,Electronics|HomeAudio|Speakers
36,TowerSpeakers,35,Electronics|HomeAudio|Speakers|TowerSpeakers
37,3DGlasses,11,"Electronics|HomeTheater,TV&Video|Accessories|3DGlasses"
38,WearableTechnology,9,Electronics|WearableTechnology
39,SmartWatches,38,Electronics|WearableTechnology|SmartWatches
40,Mobiles&Accessories,9,Electronics|Mobiles&Accessories
41,MobileAccessories,40,Electronics|Mobiles&Accessories|MobileAccessories
42,Chargers,41,Electronics|Mobiles&Accessories|MobileAccessories|Chargers
43,PowerBanks,42,Electronics|Mobiles&Accessories|MobileAccessories|Chargers|PowerBanks
44,Smartphones&BasicMobiles,40,Electronics|Mobiles&Accessories|Smartphones&BasicMobiles
45,Smartphones,44,Electronics|Mobiles&Accessories|Smartphones&BasicMobiles|Smartphones
46,Accessories,9,Electronics|Accessories
47,MemoryCards,46,Electronics|Accessories|MemoryCards
48,MicroSD,47,Electronics|Accessories|MemoryCards|MicroSD
49,BasicMobiles,44,Electronics|Mobiles&Accessories|Smartphones&BasicMobiles|BasicMobiles
50,"Headphones,Earbuds&Accessories",9,"Electronics|Headphones,Earbuds&Accessories"
51,Headphones,50,"Electronics|Headphones,Earbuds&Accessories|Headphones"
52,In-Ear,51,"Electronics|Headphones,Earbuds&Accessories|Headphones|In-Ear"
53,AutomobileChargers,42,Electronics|Mobiles&Accessories|MobileAccessories|Chargers|AutomobileChargers
54,AutomobileAccessories,41,Electronics|Mobiles&Accessories|MobileAccessories|AutomobileAccessories
55,Cradles,54,Electronics|Mobiles&Accessories|MobileAccessories|AutomobileAccessories|Cradles
56,WallChargers,42,Electronics|Mobiles&Accessories|MobileAccessories|Chargers|WallChargers
57,Cables&Adapters,41,Electronics|Mobiles&Accessories|MobileAccessories|Cables&Adapters
58,OTGAdapters,57,Electronics|Mobiles&Accessories|MobileAccessories|Cables&Adapters|OTGAdapters
59,Photo&VideoAccessories,41,Electronics|Mobiles&Accessories|MobileAccessories|Photo&VideoAccessories
60,Tripods,59,Electronics|Mobiles&Accessories|MobileAccessories|Photo&VideoAccessories|Tripods
61,SelfieSticks,59,Electronics|Mobiles&Accessories|MobileAccessories|Photo&VideoAccessories|SelfieSticks
62,Stands,41,Electronics|Mobiles&Accessories|MobileAccessories|Stands
63,CableConnectionProtectors,3,Computers&Accessories|Accessories&Peripherals|Cables&Accessories|CableConnectionProtectors
64,Décor,41,Electronics|Mobiles&Accessories|MobileAccessories|Décor
65,"Maintenance,Upkeep&Repairs",41,"Electronics|Mobiles&Accessories|MobileAccessories|Maintenance,Upkeep&Repairs"
66,ScreenProtectors,65,"Electronics|Mobiles&Accessories|MobileAccessories|Maintenance,Upkeep&Repairs|ScreenProtectors"
67,StylusPens,41,Electronics|Mobiles&Accessories|MobileAccessories|StylusPens
68,Mounts,41,Electronics|Mobiles&Accessories|MobileAccessories|Mounts
69,Bedstand&DeskMounts,68,Electronics|Mobiles&Accessories|MobileAccessories|Mounts|Bedstand&DeskMounts
70,Cases&Covers,41,Electronics|Mobiles&Accessories|MobileAccessories|Cases&Covers
71,BasicCases,70,Electronics|Mobiles&Accessories|MobileAccessories|Cases&Covers|BasicCases
72,HandlebarMounts,68,Electronics|Mobiles&Accessories|MobileAccessories|Mounts|HandlebarMounts
73,On-Ear,51,"Electronics|Headphones,Earbuds&Accessories|Headphones|On-Ear"
74,LaptopAccessories,2,Computers&Accessories|Accessories&Peripherals|LaptopAccessories
75,CameraPrivacyCovers,74,Computers&Accessories|Accessories&Peripherals|LaptopAccessories|CameraPrivacyCovers
76,Adapters,50,"Electronics|Headphones,Earbuds&Accessories|Adapters"
77,PhoneCharms,64,Electronics|Mobiles&Accessories|MobileAccessories|Décor|PhoneCharms
78,Shower&WallMounts,68,Electronics|Mobiles&Accessories|MobileAccessories|Mounts|Shower&WallMounts
79,ExternalDevices&DataStorage,1,Computers&Accessories|ExternalDevices&DataStorage
80,PenDrives,79,Computers&Accessories|ExternalDevices&DataStorage|PenDrives
81,"Keyboards,Mice&InputDevices",2,"Computers&Accessories|Accessories&Peripherals|Keyboards,Mice&InputDevices"
82,Mice,81,"Computers&Accessories|Accessories&Peripherals|Keyboards,Mice&InputDevices|Mice"
83,GraphicTablets,81,"Computers&Accessories|Accessories&Peripherals|Keyboards,Mice&InputDevices|GraphicTablets"
84,Lapdesks,74,Computers&Accessories|Accessories&Peripherals|LaptopAccessories|Lapdesks
85,NotebookComputerStands,74,Computers&Accessories|Accessories&Peripherals|LaptopAccessories|NotebookComputerStands
86,Keyboards,81,"Computers&Accessories|Accessories&Peripherals|Keyboards,Mice&InputDevices|Keyboards"
87,MusicalInstruments,,MusicalInstruments
88,Microphones,87,MusicalInstruments|Microphones
89,Condenser,88,MusicalInstruments|Microphones|Condenser
90,GeneralPurposeBatteries&BatteryChargers,9,Electronics|GeneralPurposeBatteries&BatteryChargers
91,DisposableBatteries,90,Electronics|GeneralPurposeBatteries&BatteryChargers|DisposableBatteries
92,OfficeProducts,,OfficeProducts
93,OfficePaperProducts,92,OfficeProducts|OfficePaperProducts
94,Paper,93,OfficeProducts|OfficePaperProducts|Paper
95,Stationery,94,OfficeProducts|OfficePaperProducts|Paper|Stationery
96,"Pens,Pencils&WritingSupplies",95,"OfficeProducts|OfficePaperProducts|Paper|Stationery|Pens,Pencils&WritingSupplies"
97,Pens&Refills,96,"OfficeProducts|OfficePaperProducts|Paper|Stationery|Pens,Pencils&WritingSupplies|Pens&Refills"
98,GelInkRollerballPens,97,"OfficeProducts|OfficePaperProducts|Paper|Stationery|Pens,Pencils&WritingSupplies|Pens&Refills|GelInkRollerballPens"
99,Home&Kitchen,,Home&Kitchen
100,CraftMaterials,99,Home&Kitchen|CraftMaterials
101,Scrapbooking,100,Home&Kitchen|CraftMaterials|Scrapbooking
102,Tape,101,Home&Kitchen|CraftMaterials|Scrapbooking|Tape
103,Keyboard&MouseSets,81,"Computers&Accessories|Accessories&Peripherals|Keyboards,Mice&InputDevices|Keyboard&MouseSets"
104,ExternalHardDisks,79,Computers&Accessories|ExternalDevices&DataStorage|ExternalHardDisks
105,Cameras&Photography,9,Electronics|Cameras&Photography
106,VideoCameras,105,Electronics|Cameras&Photography|VideoCameras
107,Accessories,105,Electronics|Cameras&Photography|Accessories
108,Tripods&Monopods,107,Electronics|Cameras&Photography|Accessories|Tripods&Monopods
109,Tabletop&TravelTripods,108,Electronics|Cameras&Photography|Accessories|Tripods&Monopods|Tabletop&TravelTripods
110,OfficeElectronics,92,OfficeProducts|OfficeElectronics
111,Calculators,110,OfficeProducts|OfficeElectronics|Calculators
112,Scientific,111,OfficeProducts|OfficeElectronics|Calculators|Scientific
113,Repeaters&Extenders,6,Computers&Accessories|NetworkingDevices|Repeaters&Extenders
114,TripodLegs,108,Electronics|Cameras&Photography|Accessories|Tripods&Monopods|TripodLegs
115,"Printers,Inks&Accessories",1,"Computers&Accessories|Printers,Inks&Accessories"
116,"Inks,Toners&Cartridges",115,"Computers&Accessories|Printers,Inks&Accessories|Inks,Toners&Cartridges"
117,InkjetInkCartridges,116,"Computers&Accessories|Printers,Inks&Accessories|Inks,Toners&Cartridges|InkjetInkCartridges"
118,Keyboard&MiceAccessories,81,"Computers&Accessories|Accessories&Peripherals|Keyboards,Mice&InputDevices|Keyboard&MiceAccessories"
119,DustCovers,118,"Computers&Accessories|Accessories&Peripherals|Keyboards,Mice&InputDevices|Keyboard&MiceAccessories|DustCovers"
120,PCGamingPeripherals,2,Computers&Accessories|Accessories&Peripherals|PCGamingPeripherals
121,GamingMice,120,Computers&Accessories|Accessories&Peripherals|PCGamingPeripherals|GamingMice
122,PaintingMaterials,100,Home&Kitchen|CraftMaterials|PaintingMaterials
123,Paints,122,Home&Kitchen|CraftMaterials|PaintingMaterials|Paints
124,MousePads,118,"Computers&Accessories|Accessories&Peripherals|Keyboards,Mice&InputDevices|Keyboard&MiceAccessories|MousePads"
125,HardDiskBags,2,Computers&Accessories|Accessories&Peripherals|HardDiskBags
126,Flashes,105,Electronics|Cameras&Photography|Flashes
127,Macro&RinglightFlashes,126,Electronics|Cameras&Photography|Flashes|Macro&RinglightFlashes
128,Routers,6,Computers&Accessories|NetworkingDevices|Routers
129,Over-Ear,51,"Electronics|Headphones,Earbuds&Accessories|Headphones|Over-Ear"
130,BluetoothSpeakers,35,Electronics|HomeAudio|Speakers|BluetoothSpeakers
131,"Notebooks,WritingPads&Diaries",95,"OfficeProducts|OfficePaperProducts|Paper|Stationery|Notebooks,WritingPads&Diaries"
132,WireboundNotebooks,131,"OfficeProducts|OfficePaperProducts|Paper|Stationery|Notebooks,WritingPads&Diaries|WireboundNotebooks"
133,RechargeableBatteries,90,Electronics|GeneralPurposeBatteries&BatteryChargers|RechargeableBatteries
134,BluetoothAdapters,7,Computers&Accessories|NetworkingDevices|NetworkAdapters|BluetoothAdapters
135,Adapters,2,Computers&Accessories|Accessories&Peripherals|Adapters
136,USBtoUSBAdapters,135,Computers&Accessories|Accessories&Peripherals|Adapters|USBtoUSBAdapters
137,CompleteTripodUnits,108,Electronics|Cameras&Photography|Accessories|Tripods&Monopods|CompleteTripodUnits
138,Notepads&MemoBooks,131,"OfficeProducts|OfficePaperProducts|Paper|Stationery|Notebooks,WritingPads&Diaries|Notepads&MemoBooks"
139,Film,107,Electronics|Cameras&Photography|Accessories|Film
140,Monitors,1,Computers&Accessories|Monitors
141,USBGadgets,2,Computers&Accessories|Accessories&Peripherals|USBGadgets
142,Lamps,141,Computers&Accessories|Accessories&Peripherals|USBGadgets|Lamps
143,Cleaners,107,Electronics|Cameras&Photography|Accessories|Cleaners
144,CleaningKits,143,Electronics|Cameras&Photography|Accessories|Cleaners|CleaningKits
145,SecurityCameras,105,Electronics|Cameras&Photography|SecurityCameras
146,DomeCameras,145,Electronics|Cameras&Photography|SecurityCameras|DomeCameras
147,TabletAccessories,2,Computers&Accessories|Accessories&Peripherals|TabletAccessories
148,ScreenProtectors,147,Computers&Accessories|Accessories&Peripherals|TabletAccessories|ScreenProtectors
149,Gamepads,120,Computers&Accessories|Accessories&Peripherals|PCGamingPeripherals|Gamepads
150,Basic,111,OfficeProducts|OfficeElectronics|Calculators|Basic
151,USBHubs,2,Computers&Accessories|Accessories&Peripherals|USBHubs
152,Audio&VideoAccessories,2,Computers&Accessories|Accessories&Peripherals|Audio&VideoAccessories
153,PCMicrophones,152,Computers&Accessories|Accessories&Peripherals|Audio&VideoAccessories|PCMicrophones
154,OutdoorSpeakers,35,Electronics|HomeAudio|Speakers|OutdoorSpeakers
155,Bags&Sleeves,74,Computers&Accessories|Accessories&Peripherals|LaptopAccessories|Bags&Sleeves
156,LaptopSleeves&Slipcases,155,Computers&Accessories|Accessories&Peripherals|LaptopAccessories|Bags&Sleeves|LaptopSleeves&Slipcases
157,ExternalMemoryCardReaders,79,Computers&Accessories|ExternalDevices&DataStorage|ExternalMemoryCardReaders
158,BottledInk,97,"OfficeProducts|OfficePaperProducts|Paper|Stationery|Pens,Pencils&WritingSupplies|Pens&Refills|BottledInk"
159,CompositionNotebooks,131,"OfficeProducts|OfficePaperProducts|Paper|Stationery|Notebooks,WritingPads&Diaries|CompositionNotebooks"
160,RetractableBallpointPens,97,"OfficeProducts|OfficePaperProducts|Paper|Stationery|Pens,Pencils&WritingSupplies|Pens&Refills|RetractableBallpointPens"
161,EthernetCables,4,Computers&Accessories|Accessories&Peripherals|Cables&Accessories|Cables|EthernetCables
162,Components,1,Computers&Accessories|Components
163,Memory,162,Computers&Accessories|Components|Memory
164,UninterruptedPowerSupplies,2,Computers&Accessories|Accessories&Peripherals|UninterruptedPowerSupplies
165,Cases,50,"Electronics|Headphones,Earbuds&Accessories|Cases"
166,SecureDigitalCards,47,Electronics|Accessories|MemoryCards|SecureDigitalCards
167,Flashes&SelfieLights,59,Electronics|Mobiles&Accessories|MobileAccessories|Photo&VideoAccessories|Flashes&SelfieLights
168,SelfieLights,167,Electronics|Mobiles&Accessories|MobileAccessories|Photo&VideoAccessories|Flashes&SelfieLights|SelfieLights
169,Webcams&VoIPEquipment,152,Computers&Accessories|Accessories&Peripherals|Audio&VideoAccessories|Webcams&VoIPEquipment
170,Webcams,169,Computers&Accessories|Accessories&Peripherals|Audio&VideoAccessories|Webcams&VoIPEquipment|Webcams
171,CoolingPads,74,Computers&Accessories|Accessories&Peripherals|LaptopAccessories|CoolingPads
172,Stands,147,Computers&Accessories|Accessories&Peripherals|TabletAccessories|Stands
173,HomeImprovement,,HomeImprovement
174,Electrical,173,HomeImprovement|Electrical
175,Adapters&Multi-Outlets,174,HomeImprovement|Electrical|Adapters&Multi-Outlets
176,Copy&PrintingPaper,94,OfficeProducts|OfficePaperProducts|Paper|Copy&PrintingPaper
177,ColouredPaper,176,OfficeProducts|OfficePaperProducts|Paper|Copy&PrintingPaper|ColouredPaper
178,InternalSolidStateDrives,162,Computers&Accessories|Components|InternalSolidStateDrives
179,MultimediaSpeakerSystems,35,Electronics|HomeAudio|Speakers|MultimediaSpeakerSystems
180,DataCards&Dongles,6,Computers&Accessories|NetworkingDevices|DataCards&Dongles
181,LaptopChargers&PowerSupplies,74,Computers&Accessories|Accessories&Peripherals|LaptopAccessories|LaptopChargers&PowerSupplies
182,PCSpeakers,152,Computers&Accessories|Accessories&Peripherals|Audio&VideoAccessories|PCSpeakers
183,Batteries&Chargers,107,Electronics|Cameras&Photography|Accessories|Batteries&Chargers
184,BatteryChargers,183,Electronics|Cameras&Photography|Accessories|Batteries&Chargers|BatteryChargers
185,"Bags,Cases&Sleeves",147,"Computers&Accessories|Accessories&Peripherals|TabletAccessories|Bags,Cases&Sleeves"
186,Cases,185,"Computers&Accessories|Accessories&Peripherals|TabletAccessories|Bags,Cases&Sleeves|Cases"
187,StickBallpointPens,97,"OfficeProducts|OfficePaperProducts|Paper|Stationery|Pens,Pencils&WritingSupplies|Pens&Refills|StickBallpointPens"
188,DrawingMaterials,100,Home&Kitchen|CraftMaterials|DrawingMaterials
189,DrawingMedia,188,Home&Kitchen|CraftMaterials|DrawingMaterials|DrawingMedia
190,Pencils,189,Home&Kitchen|CraftMaterials|DrawingMaterials|DrawingMedia|Pencils
191,WoodenPencils,190,Home&Kitchen|CraftMaterials|DrawingMaterials|DrawingMedia|Pencils|WoodenPencils
192,InternalHardDrives,162,Computers&Accessories|Components|InternalHardDrives
193,Printers,115,"Computers&Accessories|Printers,Inks&Accessories|Printers"
194,Pens,189,Home&Kitchen|CraftMaterials|DrawingMaterials|DrawingMedia|Pens
195,SATACables,4,Computers&Accessories|Accessories&Peripherals|Cables&Accessories|Cables|SATACables
196,PCHeadsets,152,Computers&Accessories|Accessories&Peripherals|Audio&VideoAccessories|PCHeadsets
197,GamingKeyboards,120,Computers&Accessories|Accessories&Peripherals|PCGamingPeripherals|GamingKeyboards
198,SoundbarSpeakers,35,Electronics|HomeAudio|Speakers|SoundbarSpeakers
199,Earpads,50,"Electronics|Headphones,Earbuds&Accessories|Earpads"
200,InkjetPrinters,193,"Computers&Accessories|Printers,Inks&Accessories|Printers|InkjetPrinters"
201,Toys&Games,,Toys&Games
202,Arts&Crafts,201,Toys&Games|Arts&Crafts
203,Drawing&PaintingSupplies,202,Toys&Games|Arts&Crafts|Drawing&PaintingSupplies
204,ColouringPens&Markers,203,Toys&Games|Arts&Crafts|Drawing&PaintingSupplies|ColouringPens&Markers
205,Headsets,120,Computers&Accessories|Accessories&Peripherals|PCGamingPeripherals|Headsets
206,ExternalSolidStateDrives,79,Computers&Accessories|ExternalDevices&DataStorage|ExternalSolidStateDrives
207,PowerLANAdapters,7,Computers&Accessories|NetworkingDevices|NetworkAdapters|PowerLANAdapters
208,InkjetInkRefills&Kits,116,"Computers&Accessories|Printers,Inks&Accessories|Inks,Toners&Cartridges|InkjetInkRefills&Kits"
209,PhotoStudio&Lighting,107,Electronics|Cameras&Photography|Accessories|PhotoStudio&Lighting
210,PhotoBackgroundAccessories,209,Electronics|Cameras&Photography|Accessories|PhotoStudio&Lighting|PhotoBackgroundAccessories
211,BackgroundSupports,210,Electronics|Cameras&Photography|Accessories|PhotoStudio&Lighting|PhotoBackgroundAccessories|BackgroundSupports
212,Financial&Business,111,OfficeProducts|OfficeElectronics|Calculators|Financial&Business
213,PowerAccessories,9,Electronics|PowerAccessories
214,SurgeProtectors,213,Electronics|PowerAccessories|SurgeProtectors
215,Tablets,1,Computers&Accessories|Tablets
216,CordManagement,174,HomeImprovement|Electrical|CordManagement
217,TonerCartridges,116,"Computers&Accessories|Printers,Inks&Accessories|Inks,Toners&Cartridges|TonerCartridges"
218,LiquidInkRollerballPens,97,"OfficeProducts|OfficePaperProducts|Paper|Stationery|Pens,Pencils&WritingSupplies|Pens&Refills|LiquidInkRollerballPens"
219,FountainPens,97,"OfficeProducts|OfficePaperProducts|Paper|Stationery|Pens,Pencils&WritingSupplies|Pens&Refills|FountainPens"
220,HardDriveAccessories,2,Computers&Accessories|Accessories&Peripherals|HardDriveAccessories
221,Caddies,220,Computers&Accessories|Accessories&Peripherals|HardDriveAccessories|Caddies
222,Laptops,1,Computers&Accessories|Laptops
223,TraditionalLaptops,222,Computers&Accessories|Laptops|TraditionalLaptops
224,Kitchen&HomeAppliances,99,Home&Kitchen|Kitchen&HomeAppliances
225,SmallKitchenAppliances,224,Home&Kitchen|Kitchen&HomeAppliances|SmallKitchenAppliances
226,Kettles&HotWaterDispensers,225,Home&Kitchen|Kitchen&HomeAppliances|SmallKitchenAppliances|Kettles&HotWaterDispensers
227,ElectricKettles,226,Home&Kitchen|Kitchen&HomeAppliances|SmallKitchenAppliances|Kettles&HotWaterDispensers|ElectricKettles
228,"Heating,Cooling&AirQuality",99,"Home&Kitchen|Heating,Cooling&AirQuality"
229,RoomHeaters,228,"Home&Kitchen|Heating,Cooling&AirQuality|RoomHeaters"
230,ElectricHeaters,229,"Home&Kitchen|Heating,Cooling&AirQuality|RoomHeaters|ElectricHeaters"
231,FanHeaters,229,"Home&Kitchen|Heating,Cooling&AirQuality|RoomHeaters|FanHeaters"
232,"Vacuum,Cleaning&Ironing",224,"Home&Kitchen|Kitchen&HomeAppliances|Vacuum,Cleaning&Ironing"
233,"Irons,Steamers&Accessories",232,"Home&Kitchen|Kitchen&HomeAppliances|Vacuum,Cleaning&Ironing|Irons,Steamers&Accessories"
234,LintShavers,233,"Home&Kitchen|Kitchen&HomeAppliances|Vacuum,Cleaning&Ironing|Irons,Steamers&Accessories|LintShavers"
235,DigitalKitchenScales,225,Home&Kitchen|Kitchen&HomeAppliances|SmallKitchenAppliances|DigitalKitchenScales
236,Kitchen&Dining,99,Home&Kitchen|Kitchen&Dining
237,KitchenTools,236,Home&Kitchen|Kitchen&Dining|KitchenTools
238,ManualChoppers&Chippers,237,Home&Kitchen|Kitchen&Dining|KitchenTools|ManualChoppers&Chippers
239,Choppers,238,Home&Kitchen|Kitchen&Dining|KitchenTools|ManualChoppers&Chippers|Choppers
240,InductionCooktop,225,Home&Kitchen|Kitchen&HomeAppliances|SmallKitchenAppliances|InductionCooktop
241,HandBlenders,225,Home&Kitchen|Kitchen&HomeAppliances|SmallKitchenAppliances|HandBlenders
242,Irons,233,"Home&Kitchen|Kitchen&HomeAppliances|Vacuum,Cleaning&Ironing|Irons,Steamers&Accessories|Irons"
243,DryIrons,242,"Home&Kitchen|Kitchen&HomeAppliances|Vacuum,Cleaning&Ironing|Irons,Steamers&Accessories|Irons|DryIrons"
244,MixerGrinders,225,Home&Kitchen|Kitchen&HomeAppliances|SmallKitchenAppliances|MixerGrinders
245,WaterHeaters&Geysers,228,"Home&Kitchen|Heating,Cooling&AirQuality|WaterHeaters&Geysers"
246,InstantWaterHeaters,245,"Home&Kitchen|Heating,Cooling&AirQuality|WaterHeaters&Geysers|InstantWaterHeaters"
247,Kettle&ToasterSets,226,Home&Kitchen|Kitchen&HomeAppliances|SmallKitchenAppliances|Kettles&HotWaterDispensers|Kettle&ToasterSets
248,StorageWaterHeaters,245,"Home&Kitchen|Heating,Cooling&AirQuality|WaterHeaters&Geysers|StorageWaterHeaters"
249,ImmersionRods,245,"Home&Kitchen|Heating,Cooling&AirQuality|WaterHeaters&Geysers|ImmersionRods"
250,DeepFatFryers,225,Home&Kitchen|Kitchen&HomeAppliances|SmallKitchenAppliances|DeepFatFryers
251,AirFryers,250,Home&Kitchen|Kitchen&HomeAppliances|SmallKitchenAppliances|DeepFatFryers|AirFryers
252,HomeStorage&Organization,99,Home&Kitchen|HomeStorage&Organization
253,LaundryOrganization,252,Home&Kitchen|HomeStorage&Organization|LaundryOrganization
254,LaundryBaskets,253,Home&Kitchen|HomeStorage&Organization|LaundryOrganization|LaundryBaskets
255,SteamIrons,242,"Home&Kitchen|Kitchen&HomeAppliances|Vacuum,Cleaning&Ironing|Irons,Steamers&Accessories|Irons|SteamIrons"
256,JuicerMixerGrinders,225,Home&Kitchen|Kitchen&HomeAppliances|SmallKitchenAppliances|JuicerMixerGrinders
257,Vacuums&FloorCare,232,"Home&Kitchen|Kitchen&HomeAppliances|Vacuum,Cleaning&Ironing|Vacuums&FloorCare"
258,Vacuums,257,"Home&Kitchen|Kitchen&HomeAppliances|Vacuum,Cleaning&Ironing|Vacuums&FloorCare|Vacuums"
259,HandheldVacuums,258,"Home&Kitchen|Kitchen&HomeAppliances|Vacuum,Cleaning&Ironing|Vacuums&FloorCare|Vacuums|HandheldVacuums"
260,EggBoilers,225,Home&Kitchen|Kitchen&HomeAppliances|SmallKitchenAppliances|EggBoilers
261,SandwichMakers,225,Home&Kitchen|Kitchen&HomeAppliances|SmallKitchenAppliances|SandwichMakers
262,MiniFoodProcessors&Choppers,225,Home&Kitchen|Kitchen&HomeAppliances|SmallKitchenAppliances|MiniFoodProcessors&Choppers
263,DigitalScales,235,Home&Kitchen|Kitchen&HomeAppliances|SmallKitchenAppliances|DigitalKitchenScales|DigitalScales
264,VacuumSealers,225,Home&Kitchen|Kitchen&HomeAppliances|SmallKitchenAppliances|VacuumSealers
265,Fans,228,"Home&Kitchen|Heating,Cooling&AirQuality|Fans"
266,CeilingFans,265,"Home&Kitchen|Heating,Cooling&AirQuality|Fans|CeilingFans"
267,CanisterVacuums,258,"Home&Kitchen|Kitchen&HomeAppliances|Vacuum,Cleaning&Ironing|Vacuums&FloorCare|Vacuums|CanisterVacuums"
268,"PressureWashers,Steam&WindowCleaners",232,"Home&Kitchen|Kitchen&HomeAppliances|Vacuum,Cleaning&Ironing|PressureWashers,Steam&WindowCleaners"
269,HalogenHeaters,229,"Home&Kitchen|Heating,Cooling&AirQuality|RoomHeaters|HalogenHeaters"
270,Pop-upToasters,225,Home&Kitchen|Kitchen&HomeAppliances|SmallKitchenAppliances|Pop-upToasters
271,HeatConvectors,229,"Home&Kitchen|Heating,Cooling&AirQuality|RoomHeaters|HeatConvectors"
272,"Coffee,Tea&Espresso",224,"Home&Kitchen|Kitchen&HomeAppliances|Coffee,Tea&Espresso"
273,CoffeeGrinders,272,"Home&Kitchen|Kitchen&HomeAppliances|Coffee,Tea&Espresso|CoffeeGrinders"
274,ElectricGrinders,273,"Home&Kitchen|Kitchen&HomeAppliances|Coffee,Tea&Espresso|CoffeeGrinders|ElectricGrinders"
275,ExhaustFans,265,"Home&Kitchen|Heating,Cooling&AirQuality|Fans|ExhaustFans"
276,DripCoffeeMachines,272,"Home&Kitchen|Kitchen&HomeAppliances|Coffee,Tea&Espresso|DripCoffeeMachines"
277,WaterPurifiers&Accessories,224,Home&Kitchen|Kitchen&HomeAppliances|WaterPurifiers&Accessories
278,WaterPurifierAccessories,277,Home&Kitchen|Kitchen&HomeAppliances|WaterPurifiers&Accessories|WaterPurifierAccessories
279,WaterCartridges,277,Home&Kitchen|Kitchen&HomeAppliances|WaterPurifiers&Accessories|WaterCartridges
280,Rice&PastaCookers,225,Home&Kitchen|Kitchen&HomeAppliances|SmallKitchenAppliances|Rice&PastaCookers
281,Car&Motorbike,,Car&Motorbike
282,CarAccessories,281,Car&Motorbike|CarAccessories
283,InteriorAccessories,282,Car&Motorbike|CarAccessories|InteriorAccessories
284,AirPurifiers&Ionizers,283,Car&Motorbike|CarAccessories|InteriorAccessories|AirPurifiers&Ionizers
285,Wet-DryVacuums,258,"Home&Kitchen|Kitchen&HomeAppliances|Vacuum,Cleaning&Ironing|Vacuums&FloorCare|Vacuums|Wet-DryVacuums"
286,AirPurifiers,228,"Home&Kitchen|Heating,Cooling&AirQuality|AirPurifiers"
287,HEPAAirPurifiers,286,"Home&Kitchen|Heating,Cooling&AirQuality|AirPurifiers|HEPAAirPurifiers"
288,WaterFilters&Purifiers,277,Home&Kitchen|Kitchen&HomeAppliances|WaterPurifiers&Accessories|WaterFilters&Purifiers
289,LaundryBags,253,Home&Kitchen|HomeStorage&Organization|LaundryOrganization|LaundryBags
290,SewingMachines&Accessories,224,Home&Kitchen|Kitchen&HomeAppliances|SewingMachines&Accessories
291,Sewing&EmbroideryMachines,290,Home&Kitchen|Kitchen&HomeAppliances|SewingMachines&Accessories|Sewing&EmbroideryMachines
292,IroningAccessories,253,Home&Kitchen|HomeStorage&Organization|LaundryOrganization|IroningAccessories
293,SprayBottles,292,Home&Kitchen|HomeStorage&Organization|LaundryOrganization|IroningAccessories|SprayBottles
294,HandMixers,225,Home&Kitchen|Kitchen&HomeAppliances|SmallKitchenAppliances|HandMixers
295,Mills&Grinders,225,Home&Kitchen|Kitchen&HomeAppliances|SmallKitchenAppliances|Mills&Grinders
296,WetGrinders,295,Home&Kitchen|Kitchen&HomeAppliances|SmallKitchenAppliances|Mills&Grinders|WetGrinders
297,OvenToasterGrills,225,Home&Kitchen|Kitchen&HomeAppliances|SmallKitchenAppliances|OvenToasterGrills
298,Juicers,225,Home&Kitchen|Kitchen&HomeAppliances|SmallKitchenAppliances|Juicers
299,Health&PersonalCare,,Health&PersonalCare
300,HomeMedicalSupplies&Equipment,299,Health&PersonalCare|HomeMedicalSupplies&Equipment
301,HealthMonitors,300,Health&PersonalCare|HomeMedicalSupplies&Equipment|HealthMonitors
302,WeighingScales,301,Health&PersonalCare|HomeMedicalSupplies&Equipment|HealthMonitors|WeighingScales
303,DigitalBathroomScales,302,Health&PersonalCare|HomeMedicalSupplies&Equipment|HealthMonitors|WeighingScales|DigitalBathroomScales
304,EspressoMachines,272,"Home&Kitchen|Kitchen&HomeAppliances|Coffee,Tea&Espresso|EspressoMachines"
305,TableFans,265,"Home&Kitchen|Heating,Cooling&AirQuality|Fans|TableFans"
306,MilkFrothers,272,"Home&Kitchen|Kitchen&HomeAppliances|Coffee,Tea&Espresso|MilkFrothers"
307,Humidifiers,228,"Home&Kitchen|Heating,Cooling&AirQuality|Humidifiers"
308,SmallApplianceParts&Accessories,225,Home&Kitchen|Kitchen&HomeAppliances|SmallKitchenAppliances|SmallApplianceParts&Accessories
309,StandMixerAccessories,308,Home&Kitchen|Kitchen&HomeAppliances|SmallKitchenAppliances|SmallApplianceParts&Accessories|StandMixerAccessories
310,RoboticVacuums,258,"Home&Kitchen|Kitchen&HomeAppliances|Vacuum,Cleaning&Ironing|Vacuums&FloorCare|Vacuums|RoboticVacuums"
311,YogurtMakers,225,Home&Kitchen|Kitchen&HomeAppliances|SmallKitchenAppliances|YogurtMakers
312,ColdPressJuicers,298,Home&Kitchen|Kitchen&HomeAppliances|SmallKitchenAppliances|Juicers|ColdPressJuicers
313,AirConditioners,228,"Home&Kitchen|Heating,Cooling&AirQuality|AirConditioners"
314,Split-SystemAirConditioners,313,"Home&Kitchen|Heating,Cooling&AirQuality|AirConditioners|Split-SystemAirConditioners"
315,WaffleMakers&Irons,225,Home&Kitchen|Kitchen&HomeAppliances|SmallKitchenAppliances|WaffleMakers&Irons
316,StovetopEspressoPots,272,"Home&Kitchen|Kitchen&HomeAppliances|Coffee,Tea&Espresso|StovetopEspressoPots"
317,CoffeeMakerAccessories,272,"Home&Kitchen|Kitchen&HomeAppliances|Coffee,Tea&Espresso|CoffeeMakerAccessories"
318,MeasuringSpoons,317,"Home&Kitchen|Kitchen&HomeAppliances|Coffee,Tea&Espresso|CoffeeMakerAccessories|MeasuringSpoons"
319,CoffeePresses,272,"Home&Kitchen|Kitchen&HomeAppliances|Coffee,Tea&Espresso|CoffeePresses"
320,RotiMakers,225,Home&Kitchen|Kitchen&HomeAppliances|SmallKitchenAppliances|RotiMakers
321,Parts&Accessories,228,"Home&Kitchen|Heating,Cooling&AirQuality|Parts&Accessories"
322,FanParts&Accessories,321,"Home&Kitchen|Heating,Cooling&AirQuality|Parts&Accessories|FanParts&Accessories"
323,StandMixers,225,Home&Kitchen|Kitchen&HomeAppliances|SmallKitchenAppliances|StandMixers
324,PedestalFans,265,"Home&Kitchen|Heating,Cooling&AirQuality|Fans|PedestalFans"
325,VacuumAccessories,257,"Home&Kitchen|Kitchen&HomeAppliances|Vacuum,Cleaning&Ironing|Vacuums&FloorCare|VacuumAccessories"
326,VacuumBags,325,"Home&Kitchen|Kitchen&HomeAppliances|Vacuum,Cleaning&Ironing|Vacuums&FloorCare|VacuumAccessories|VacuumBags"
327,HandheldBags,326,"Home&Kitchen|Kitchen&HomeAppliances|Vacuum,Cleaning&Ironing|Vacuums&FloorCare|VacuumAccessories|VacuumBags|HandheldBags"
